[
{"beacon_id":"403","device_name":"UTB1_1213_293","mac_address":"f1:a6:a4:76:14:a5","longitude":"6.85535541841856","latitude":"52.2394526089864","floor":"5"},
{"beacon_id":"438","device_name":"UTB1_1213_153","mac_address":"e6:b2:cb:4e:ac:06","longitude":"6.85569912731384","latitude":"52.2391354480207","floor":"4"},
{"beacon_id":"532","device_name":"UTB1_1213_39","mac_address":"dd:82:3b:bf:80:8e","longitude":"6.85526870402373","latitude":"52.239456030275","floor":"4"},
{"beacon_id":"525","device_name":"UTB1_1213_36","mac_address":"fa:88:41:62:4c:2d","longitude":"6.85609308118115","latitude":"52.2396323109598","floor":"1"},
{"beacon_id":"414","device_name":"UTB1_1213_42","mac_address":"d0:20:5d:ca:96:14","longitude":"6.85616945905531","latitude":"52.2396057289736","floor":"1"},
{"beacon_id":"380","device_name":"UTB1_1213_128","mac_address":"c5:8e:8e:75:24:52","longitude":"6.85533796848978","latitude":"52.2393706625001","floor":"1"},
{"beacon_id":"480","device_name":"UTB1_1213_235","mac_address":"c1:7a:a6:f8:5e:43","longitude":"6.85542651580727","latitude":"52.2391099814784","floor":"1"},
{"beacon_id":"458","device_name":"UTB1_1213_213","mac_address":"e2:83:81:47:2c:be","longitude":"6.85552713639587","latitude":"52.2390592248589","floor":"2"},
{"beacon_id":"404","device_name":"UTB1_1213_288","mac_address":"c4:b6:ea:be:c9:95","longitude":"6.85554955448586","latitude":"52.2390874060649","floor":"4"},
{"beacon_id":"405","device_name":"UTB1_1213_240","mac_address":"c0:57:ea:07:e5:60","longitude":"6.85562334110011","latitude":"52.239057316001","floor":"4"},
{"beacon_id":"551","device_name":"UTB1_1213_94","mac_address":"e7:b5:2e:21:55:65","longitude":"6.85606550489634","latitude":"52.2396046326055","floor":"4"},
{"beacon_id":"546","device_name":"UTB1_1213_155","mac_address":"ee:70:a9:48:23:9a","longitude":"6.85614447136422","latitude":"52.239577962161","floor":"4"},
{"beacon_id":"539","device_name":"UTB1_1213_90","mac_address":"cd:f4:53:01:85:6f","longitude":"6.85613895033732","latitude":"52.2395780934508","floor":"5"},
{"beacon_id":"543","device_name":"UTB1_1213_168","mac_address":"f5:0a:aa:8f:49:0f","longitude":"6.85554795177575","latitude":"52.2390872893093","floor":"5"},
{"beacon_id":"550","device_name":"UTB1_1213_43","mac_address":"e2:23:a4:28:1b:d8","longitude":"6.8558537611456","latitude":"52.2393941378542","floor":"3"},
{"beacon_id":"527","device_name":"UTB1_1213_29","mac_address":"fd:ec:87:be:0d:3b","longitude":"6.85613556862624","latitude":"52.239577015742","floor":"2"},
{"beacon_id":"529","device_name":"UTB1_1213_28","mac_address":"ce:97:cc:07:99:2b","longitude":"6.85525337205694","latitude":"52.2394525520861","floor":"2"},
{"beacon_id":"547","device_name":"UTB1_1213_162","mac_address":"c2:18:61:d0:1c:ce","longitude":"6.85524382105754","latitude":"52.2393711598996","floor":"2"},
{"beacon_id":"520","device_name":"UTB1_1213_251","mac_address":"e0:d8:5c:4e:3b:bc","longitude":"6.85555627864586","latitude":"52.2395451863225","floor":"2"},
{"beacon_id":"552","device_name":"UTB1_1213_37","mac_address":"fb:eb:d2:ac:be:80","longitude":"6.85600669958344","latitude":"52.2395466557542","floor":"3"},
{"beacon_id":"554","device_name":"UTB1_1213_96","mac_address":"d5:96:4e:f3:72:28","longitude":"6.8556254743521","latitude":"52.239162659294","floor":"3"},
{"beacon_id":"535","device_name":"UTB1_1213_93","mac_address":"ee:4c:e4:1a:63:00","longitude":"6.85556509230451","latitude":"52.2391995925345","floor":"1"},
{"beacon_id":"453","device_name":"UTB1_1213_184","mac_address":"c5:aa:45:71:a9:aa","longitude":"6.85542013475971","latitude":"52.2393898303207","floor":"1"},
{"beacon_id":"538","device_name":"UTB1_1213_82","mac_address":"fe:17:c6:d9:3c:a4","longitude":"6.85541221388657","latitude":"52.2392900989158","floor":"1"},
{"beacon_id":"540","device_name":"UTB1_1213_99","mac_address":"cc:06:10:a9:34:42","longitude":"6.85542913077355","latitude":"52.239481777356","floor":"1"},
{"beacon_id":"536","device_name":"UTB1_1213_91","mac_address":"d6:f1:57:0d:96:c3","longitude":"6.85570046471533","latitude":"52.2394643234612","floor":"1"},
{"beacon_id":"537","device_name":"UTB1_1213_83","mac_address":"ed:cd:09:90:aa:c1","longitude":"6.85564716985161","latitude":"52.2392866715757","floor":"1"},
{"beacon_id":"534","device_name":"UTB1_1213_100","mac_address":"ff:5c:d2:2e:d0:45","longitude":"6.85567053657878","latitude":"52.239500605106","floor":"2"},
{"beacon_id":"544","device_name":"UTB1_1213_167","mac_address":"f1:82:f2:25:83:38","longitude":"6.85577660500626","latitude":"52.2392150534178","floor":"5"},
{"beacon_id":"548","device_name":"UTB1_1213_161","mac_address":"c0:67:de:9e:ec:27","longitude":"6.85591306141483","latitude":"52.2394505938879","floor":"5"},
{"beacon_id":"448","device_name":"UTB1_1213_192","mac_address":"d7:0f:fe:e3:84:a2","longitude":"6.85549895377962","latitude":"52.2394386515091","floor":"1"},
{"beacon_id":"545","device_name":"UTB1_1213_163","mac_address":"d6:8c:ad:3a:c5:5b","longitude":"6.85533688677072","latitude":"52.2393619141967","floor":"5"},
{"beacon_id":"449","device_name":"UTB1_1213_175","mac_address":"ea:9f:04:5f:08:26","longitude":"6.85572337214171","latitude":"52.2393563572923","floor":"1"},
{"beacon_id":"450","device_name":"UTB1_1213_179","mac_address":"dc:a9:e2:71:c8:30","longitude":"6.85557061185485","latitude":"52.2394221285166","floor":"1"},
{"beacon_id":"425","device_name":"UTB1_1213_274","mac_address":"eb:fa:f3:ce:5b:71","longitude":"6.85595488633244","latitude":"52.2394898255492","floor":"2"},
{"beacon_id":"427","device_name":"UTB1_1213_275","mac_address":"cd:5e:c3:70:3e:77","longitude":"6.85555342975613","latitude":"52.2395629194688","floor":"2"},
{"beacon_id":"429","device_name":"UTB1_1213_260","mac_address":"c7:56:8d:ed:a8:04","longitude":"6.8557778686956","latitude":"52.2393161707829","floor":"2"},
{"beacon_id":"430","device_name":"UTB1_1213_277","mac_address":"eb:32:18:c0:2e:0d","longitude":"6.8552337533908","latitude":"52.2392790116646","floor":"2"},
{"beacon_id":"463","device_name":"UTB1_1213_197","mac_address":"d2:e5:f8:aa:b9:a8","longitude":"6.85532323293735","latitude":"52.2392963813404","floor":"2"},
{"beacon_id":"465","device_name":"UTB1_1213_198","mac_address":"ee:79:08:1d:ed:a3","longitude":"6.85571124638942","latitude":"52.2392478685057","floor":"2"},
{"beacon_id":"478","device_name":"UTB1_1213_57","mac_address":"d6:50:2c:57:03:42","longitude":"6.85531064518781","latitude":"52.2391847788471","floor":"2"},
{"beacon_id":"505","device_name":"UTB1_1213_236","mac_address":"c8:61:5d:4a:39:7d","longitude":"6.85602375453021","latitude":"52.2394606955553","floor":"2"},
{"beacon_id":"509","device_name":"UTB1_1213_238","mac_address":"eb:44:e8:64:6e:33","longitude":"6.85607982735247","latitude":"52.2395184635576","floor":"2"},
{"beacon_id":"491","device_name":"UTB1_1213_297","mac_address":"f0:8d:08:33:2a:05","longitude":"6.85613490573103","latitude":"52.2395766477599","floor":"3"},
{"beacon_id":"492","device_name":"UTB1_1213_295","mac_address":"d6:80:ce:30:96:11","longitude":"6.85580510693981","latitude":"52.2393631354486","floor":"3"},
{"beacon_id":"497","device_name":"UTB1_1213_87","mac_address":"d7:60:87:1d:ae:c9","longitude":"6.85571275454771","latitude":"52.2393915833508","floor":"3"},
{"beacon_id":"493","device_name":"UTB1_1213_9","mac_address":"d5:1d:3d:ba:06:e8","longitude":"6.85535670451388","latitude":"52.2395412543518","floor":"2"},
{"beacon_id":"392","device_name":"UTB1_1213_202","mac_address":"fa:fd:f5:3a:e8:61","longitude":"6.85524065741478","latitude":"52.239355692529","floor":"3"},
{"beacon_id":"408","device_name":"UTB1_1213_41","mac_address":"ef:22:4f:a4:18:ae","longitude":"6.85533639263588","latitude":"52.2393502255298","floor":"3"},
{"beacon_id":"411","device_name":"UTB1_1213_51","mac_address":"c8:c2:37:5f:8c:92","longitude":"6.85531702977218","latitude":"52.2392627991812","floor":"3"},
{"beacon_id":"474","device_name":"UTB1_1213_67","mac_address":"cb:36:ac:01:90:85","longitude":"6.85550214545594","latitude":"52.2394731140311","floor":"3"},
{"beacon_id":"476","device_name":"UTB1_1213_55","mac_address":"fd:e8:1f:85:c6:87","longitude":"6.8560660670386","latitude":"52.2396051302038","floor":"3"},
{"beacon_id":"479","device_name":"UTB1_1213_244","mac_address":"ed:68:73:1f:38:43","longitude":"6.85583505226168","latitude":"52.2392699643051","floor":"3"},
{"beacon_id":"481","device_name":"UTB1_1213_237","mac_address":"db:d4:c3:a8:e5:e3","longitude":"6.85539391377921","latitude":"52.2392017312407","floor":"3"},
{"beacon_id":"483","device_name":"UTB1_1213_254","mac_address":"c6:7e:4d:6e:c7:ab","longitude":"6.85562335938044","latitude":"52.2390575517952","floor":"3"},
{"beacon_id":"484","device_name":"UTB1_1213_255","mac_address":"e9:92:0f:f8:7b:ce","longitude":"6.85577932444805","latitude":"52.2393173459694","floor":"3"},
{"beacon_id":"486","device_name":"UTB1_1213_256","mac_address":"fe:ac:81:68:5b:53","longitude":"6.85523435308213","latitude":"52.2392723324816","floor":"3"},
{"beacon_id":"490","device_name":"UTB1_1213_232","mac_address":"ec:47:5e:21:ec:a0","longitude":"6.85596166647069","latitude":"52.23941742487","floor":"3"},
{"beacon_id":"499","device_name":"UTB1_1213_75","mac_address":"fb:8a:94:14:ee:6b","longitude":"6.85591818815426","latitude":"52.2394340460213","floor":"3"},
{"beacon_id":"500","device_name":"UTB1_1213_74","mac_address":"dc:a2:cc:4c:ae:57","longitude":"6.85608207442009","latitude":"52.2395164447045","floor":"3"},
{"beacon_id":"501","device_name":"UTB1_1213_89","mac_address":"f3:24:4c:e1:37:f3","longitude":"6.85593242683131","latitude":"52.2394683689657","floor":"3"},
{"beacon_id":"393","device_name":"UTB1_1213_208","mac_address":"cb:e3:e0:fa:43:c4","longitude":"6.85532252702038","latitude":"52.2392755602121","floor":"4"},
{"beacon_id":"401","device_name":"UTB1_1213_287","mac_address":"e4:3f:42:d1:b5:bc","longitude":"6.85524309592772","latitude":"52.2393669658919","floor":"4"},
{"beacon_id":"437","device_name":"UTB1_1213_154","mac_address":"ed:52:32:65:ba:77","longitude":"6.85567944767341","latitude":"52.2392218384828","floor":"4"},
{"beacon_id":"508","device_name":"UTB1_1213_234","mac_address":"df:ad:ec:25:d3:df","longitude":"6.85528176194641","latitude":"52.2396152818639","floor":"3"},
{"beacon_id":"519","device_name":"UTB1_1213_241","mac_address":"db:aa:a5:a4:27:51","longitude":"6.85544886124144","latitude":"52.2396009499949","floor":"1"},
{"beacon_id":"524","device_name":"UTB1_1213_264","mac_address":"c6:fa:48:ea:dd:09","longitude":"6.85539387919105","latitude":"52.2392010559209","floor":"1"},
{"beacon_id":"521","device_name":"UTB1_1213_262","mac_address":"f2:07:e2:5d:b1:4c","longitude":"6.85562577426079","latitude":"52.2393926911546","floor":"1"},
{"beacon_id":"387","device_name":"UTB1_1213_7","mac_address":"e7:90:24:c6:38:d6","longitude":"6.8553585790772","latitude":"52.2395873110112","floor":"4"},
{"beacon_id":"379","device_name":"UTB1_1213_126","mac_address":"ed:51:58:b5:6a:10","longitude":"6.85593082705486","latitude":"52.2393657407545","floor":"1"},
{"beacon_id":"426","device_name":"UTB1_1213_276","mac_address":"c5:56:85:a3:5d:20","longitude":"6.85533624532721","latitude":"52.2393197271398","floor":"1"},
{"beacon_id":"383","device_name":"UTB1_1213_11","mac_address":"f1:af:52:4f:fb:0f","longitude":"6.85536619983622","latitude":"52.2395050111002","floor":"3"},
{"beacon_id":"386","device_name":"UTB1_1213_13","mac_address":"c9:c7:8d:08:f9:1a","longitude":"6.85557356338064","latitude":"52.2392041069379","floor":"3"},
{"beacon_id":"390","device_name":"UTB1_1213_14","mac_address":"f3:d3:ff:6d:5f:52","longitude":"6.85528098122729","latitude":"52.2396161200587","floor":"4"},
{"beacon_id":"389","device_name":"UTB1_1213_19","mac_address":"dd:97:50:b7:f0:f9","longitude":"6.85555048689678","latitude":"52.239087268294","floor":"3"},
{"beacon_id":"395","device_name":"UTB1_1213_215","mac_address":"d0:9a:dc:ba:40:85","longitude":"6.85584410108884","latitude":"52.2392909068904","floor":"4"},
{"beacon_id":"396","device_name":"UTB1_1213_203","mac_address":"fb:cc:c0:e8:47:07","longitude":"6.85583566631585","latitude":"52.2393728317058","floor":"4"},
{"beacon_id":"377","device_name":"UTB1_1213_129","mac_address":"fd:be:64:11:a7:ab","longitude":"6.85606497666309","latitude":"52.2396048145971","floor":"2"},
{"beacon_id":"381","device_name":"UTB1_1213_131","mac_address":"d6:31:92:f8:be:a2","longitude":"6.8557864495259","latitude":"52.2392215070583","floor":"2"},
{"beacon_id":"384","device_name":"UTB1_1213_20","mac_address":"ef:03:ce:2e:2c:86","longitude":"6.85569866183299","latitude":"52.239133468363","floor":"2"},
{"beacon_id":"407","device_name":"UTB1_1213_50","mac_address":"f1:db:77:f8:d2:47","longitude":"6.85523582025429","latitude":"52.2391891099934","floor":"2"},
{"beacon_id":"410","device_name":"UTB1_1213_45","mac_address":"c3:ec:17:db:1e:a1","longitude":"6.8553780792604","latitude":"52.2395982920512","floor":"2"},
{"beacon_id":"470","device_name":"UTB1_1213_204","mac_address":"cb:66:0b:bb:75:52","longitude":"6.85536716332689","latitude":"52.2396324932045","floor":"4"},
{"beacon_id":"412","device_name":"UTB1_1213_40","mac_address":"e8:3b:d0:e6:d3:40","longitude":"6.85535486951482","latitude":"52.2394484198873","floor":"3"},
{"beacon_id":"514","device_name":"UTB1_1213_285","mac_address":"fb:30:be:cd:88:4c","longitude":"6.85598824293059","latitude":"52.2395251866603","floor":"5"},
{"beacon_id":"489","device_name":"UTB1_1213_298","mac_address":"c9:37:27:60:04:a9","longitude":"6.85585589817674","latitude":"52.2392883185758","floor":"1"},
{"beacon_id":"378","device_name":"UTB1_1213_140","mac_address":"c8:36:86:3b:97:d9","longitude":"6.85562233449701","latitude":"52.2391612007674","floor":"2"},
{"beacon_id":"400","device_name":"UTB1_1213_300","mac_address":"f2:e7:1b:cb:5e:17","longitude":"6.85585352849757","latitude":"52.2392852344806","floor":"2"},
{"beacon_id":"406","device_name":"UTB1_1213_222","mac_address":"eb:7a:2f:d5:b9:16","longitude":"6.85597652537421","latitude":"52.2394032202287","floor":"2"},
{"beacon_id":"503","device_name":"UTB1_1213_248","mac_address":"d6:4b:84:cd:bd:2e","longitude":"6.85523638661664","latitude":"52.2392784200491","floor":"4"},
{"beacon_id":"409","device_name":"UTB1_1213_31","mac_address":"ff:34:f5:02:f7:67","longitude":"6.8560075446707","latitude":"52.2395465711301","floor":"2"},
{"beacon_id":"466","device_name":"UTB1_1213_206","mac_address":"d9:e4:36:7c:5d:28","longitude":"6.85523063439718","latitude":"52.2391920178344","floor":"3"},
{"beacon_id":"467","device_name":"UTB1_1213_217","mac_address":"d1:80:e2:fd:8c:d0","longitude":"6.85531343024389","latitude":"52.2391840035434","floor":"3"},
{"beacon_id":"475","device_name":"UTB1_1213_65","mac_address":"fe:83:67:a2:69:bc","longitude":"6.85525609384124","latitude":"52.2394566676698","floor":"3"},
{"beacon_id":"477","device_name":"UTB1_1213_68","mac_address":"ca:f2:cf:cb:4b:82","longitude":"6.85570180428365","latitude":"52.2392420972712","floor":"3"},
{"beacon_id":"421","device_name":"UTB1_1213_270","mac_address":"e3:e1:0a:56:64:4a","longitude":"6.85533668725048","latitude":"52.2393635312182","floor":"2"},
{"beacon_id":"451","device_name":"UTB1_1213_186","mac_address":"d8:b8:6c:20:f0:f2","longitude":"6.85557680627753","latitude":"52.2395171822778","floor":"1"},
{"beacon_id":"413","device_name":"UTB1_1213_32","mac_address":"c6:e9:79:6f:16:c3","longitude":"6.85545097766451","latitude":"52.2396032563001","floor":"2"},
{"beacon_id":"415","device_name":"UTB1_1213_148","mac_address":"ee:de:39:83:30:08","longitude":"6.85536525476096","latitude":"52.2396338862868","floor":"2"},
{"beacon_id":"417","device_name":"UTB1_1213_280","mac_address":"ea:cf:8a:70:49:a5","longitude":"6.85534430413162","latitude":"52.2394521073798","floor":"2"},
{"beacon_id":"419","device_name":"UTB1_1213_279","mac_address":"fe:90:05:c1:03:43","longitude":"6.8555900469189","latitude":"52.2390356154255","floor":"2"},
{"beacon_id":"423","device_name":"UTB1_1213_259","mac_address":"f1:ae:d6:bb:5f:9b","longitude":"6.8558545636632","latitude":"52.2393929141446","floor":"2"},
{"beacon_id":"424","device_name":"UTB1_1213_272","mac_address":"c9:b2:f2:97:9f:0d","longitude":"6.85588862617311","latitude":"52.2394286331505","floor":"2"},
{"beacon_id":"482","device_name":"UTB1_1213_245","mac_address":"f5:a9:02:34:cb:74","longitude":"6.8552245408828","latitude":"52.2391893012463","floor":"4"},
{"beacon_id":"488","device_name":"UTB1_1213_296","mac_address":"cf:58:04:2d:d1:c9","longitude":"6.85531117207326","latitude":"52.2391831428824","floor":"4"},
{"beacon_id":"502","device_name":"UTB1_1213_92","mac_address":"d6:41:46:07:c2:b2","longitude":"6.85535864265234","latitude":"52.2395429373547","floor":"4"},
{"beacon_id":"507","device_name":"UTB1_1213_257","mac_address":"ca:65:d0:97:14:bf","longitude":"6.85535677132581","latitude":"52.2394528014227","floor":"4"},
{"beacon_id":"515","device_name":"UTB1_1213_291","mac_address":"ee:b7:c5:f3:13:0c","longitude":"6.85591510100569","latitude":"52.2394531069585","floor":"4"},
{"beacon_id":"513","device_name":"UTB1_1213_284","mac_address":"db:27:6c:f9:cf:0f","longitude":"6.85562682399515","latitude":"52.2391634484188","floor":"5"},
{"beacon_id":"394","device_name":"UTB1_1213_201","mac_address":"da:02:14:08:8a:c7","longitude":"6.85600568316401","latitude":"52.2394416578439","floor":"5"},
{"beacon_id":"397","device_name":"UTB1_1213_216","mac_address":"df:4d:01:c0:f4:5a","longitude":"6.85584610105652","latitude":"52.2392914727389","floor":"5"},
{"beacon_id":"391","device_name":"UTB1_1213_200","mac_address":"d5:3c:fc:e1:a7:1f","longitude":"6.85593210458457","latitude":"52.2393660363772","floor":"5"},
{"beacon_id":"388","device_name":"UTB1_1213_10","mac_address":"f6:99:df:bf:2b:fa","longitude":"6.85600671589954","latitude":"52.2394440434828","floor":"3"},
{"beacon_id":"398","device_name":"UTB1_1213_209","mac_address":"e4:6b:61:bf:49:e9","longitude":"6.85562414404479","latitude":"52.2390585700108","floor":"5"},
{"beacon_id":"399","device_name":"UTB1_1213_294","mac_address":"cc:4b:b0:88:b3:5a","longitude":"6.85583422366225","latitude":"52.2393728128014","floor":"5"},
{"beacon_id":"431","device_name":"UTB1_1213_166","mac_address":"e8:86:28:b3:db:34","longitude":"6.85606722957659","latitude":"52.239604576848","floor":"5"},
{"beacon_id":"435","device_name":"UTB1_1213_165","mac_address":"d5:b6:ac:b5:75:32","longitude":"6.85606478411261","latitude":"52.2395012151388","floor":"4"},
{"beacon_id":"436","device_name":"UTB1_1213_149","mac_address":"e2:f4:31:f6:c4:fd","longitude":"6.85533492907875","latitude":"52.239364021257","floor":"4"},
{"beacon_id":"433","device_name":"UTB1_1213_160","mac_address":"c3:05:36:1c:5f:c6","longitude":"6.85575303554625","latitude":"52.2392905945519","floor":"4"},
{"beacon_id":"434","device_name":"UTB1_1213_164","mac_address":"d3:38:8b:43:df:2d","longitude":"6.85560780568487","latitude":"52.2391458105419","floor":"4"},
{"beacon_id":"494","device_name":"UTB1_1213_1","mac_address":"de:fe:65:0c:ae:c4","longitude":"6.85536955810451","latitude":"52.239634894467","floor":"5"},
{"beacon_id":"495","device_name":"UTB1_1213_88","mac_address":"ca:e4:01:d7:dd:9a","longitude":"6.85525126309685","latitude":"52.2394030350542","floor":"5"},
{"beacon_id":"496","device_name":"UTB1_1213_84","mac_address":"ce:a5:5f:fa:7a:ca","longitude":"6.8552701443638","latitude":"52.2395525595101","floor":"5"},
{"beacon_id":"498","device_name":"UTB1_1213_80","mac_address":"c7:2c:9b:8c:24:0b","longitude":"6.85528061746972","latitude":"52.2396371911248","floor":"5"},
{"beacon_id":"511","device_name":"UTB1_1213_286","mac_address":"fe:1b:1a:42:1c:49","longitude":"6.85575767180393","latitude":"52.239295595047","floor":"5"},
{"beacon_id":"516","device_name":"UTB1_1213_289","mac_address":"d3:85:d9:c0:82:31","longitude":"6.8556988450101","latitude":"52.2391362296645","floor":"5"},
{"beacon_id":"469","device_name":"UTB1_1213_205","mac_address":"d3:b4:6d:08:db:64","longitude":"6.85535805409858","latitude":"52.2395868478334","floor":"3"},
{"beacon_id":"471","device_name":"UTB1_1213_64","mac_address":"fb:f1:58:bc:c7:af","longitude":"6.8556991472614","latitude":"52.2391366460728","floor":"3"},
{"beacon_id":"473","device_name":"UTB1_1213_56","mac_address":"de:eb:c8:69:b6:48","longitude":"6.85569863623045","latitude":"52.2391536699344","floor":"3"},
{"beacon_id":"472","device_name":"UTB1_1213_63","mac_address":"d5:90:35:d1:b3:19","longitude":"6.85527748784979","latitude":"52.2396132175131","floor":"2"},
{"beacon_id":"454","device_name":"UTB1_1213_187","mac_address":"d8:69:23:a7:13:db","longitude":"6.85581695808128","latitude":"52.2394622718903","floor":"1"},
{"beacon_id":"518","device_name":"UTB1_1213_290","mac_address":"c6:e0:31:d2:6a:6f","longitude":"6.85526780480154","latitude":"52.2394553288736","floor":"5"},
{"beacon_id":"523","device_name":"UTB1_1213_239","mac_address":"db:b6:5c:8f:06:7a","longitude":"6.85534834728952","latitude":"52.2395497245326","floor":"5"},
{"beacon_id":"530","device_name":"UTB1_1213_44","mac_address":"e5:f8:b9:10:26:a8","longitude":"6.85567683512634","latitude":"52.2392171614239","floor":"5"},
{"beacon_id":"528","device_name":"UTB1_1213_34","mac_address":"ee:77:2f:7b:81:00","longitude":"6.85598770813876","latitude":"52.2395286761618","floor":"4"},
{"beacon_id":"533","device_name":"UTB1_1213_98","mac_address":"de:cf:fc:9a:a0:3a","longitude":"6.85608236323184","latitude":"52.2395181227673","floor":"5"},
{"beacon_id":"512","device_name":"UTB1_1213_2","mac_address":"f1:f3:03:11:5a:70","longitude":"6.85577989254672","latitude":"52.239213482193","floor":"4"},
{"beacon_id":"517","device_name":"UTB1_1213_299","mac_address":"f8:62:6e:0f:54:80","longitude":"6.85598539860147","latitude":"52.2394228986172","floor":"4"},
{"beacon_id":"485","device_name":"UTB1_1213_242","mac_address":"f8:33:56:ec:2c:5b","longitude":"6.85553999142903","latitude":"52.2390816311267","floor":"1"},
{"beacon_id":"522","device_name":"UTB1_1213_250","mac_address":"d0:0b:55:15:84:ba","longitude":"6.85577442765355","latitude":"52.2394689441382","floor":"2"},
{"beacon_id":"462","device_name":"UTB1_1213_58","mac_address":"f5:45:99:07:14:50","longitude":"6.85536758986991","latitude":"52.2396322346715","floor":"3"},
{"beacon_id":"549","device_name":"UTB1_1213_95","mac_address":"cc:a0:f2:a3:a0:96","longitude":"6.85561200657433","latitude":"52.2394388029757","floor":"3"},
{"beacon_id":"556","device_name":"UTB1_1213_27","mac_address":"f4:4e:3b:cb:f7:d3","longitude":"6.85535742873105","latitude":"52.2395411203932","floor":"3"},
{"beacon_id":"382","device_name":"UTB1_1213_138","mac_address":"d7:3a:c4:28:15:65","longitude":"6.85525207359252","latitude":"52.2394346804672","floor":"1"},
{"beacon_id":"542","device_name":"UTB1_1213_156","mac_address":"e5:02:1e:97:b5:a5","longitude":"6.85523165534047","latitude":"52.2392726553171","floor":"1"},
{"beacon_id":"468","device_name":"UTB1_1213_196","mac_address":"c2:bb:d0:7b:8a:c0","longitude":"6.85527789771921","latitude":"52.2396185033573","floor":"1"},
{"beacon_id":"464","device_name":"UTB1_1213_199","mac_address":"df:8a:0a:da:ed:cd","longitude":"6.85526654141779","latitude":"52.2395253924283","floor":"1"},
{"beacon_id":"460","device_name":"UTB1_1213_212","mac_address":"f7:9a:0a:c7:81:f3","longitude":"6.85524802520061","latitude":"52.2393720786345","floor":"1"},
{"beacon_id":"461","device_name":"UTB1_1213_214","mac_address":"fc:87:f9:5c:a6:7a","longitude":"6.85523348839622","latitude":"52.2391874468943","floor":"1"},
{"beacon_id":"418","device_name":"UTB1_1213_278","mac_address":"cb:83:0a:52:58:ea","longitude":"6.85536182409014","latitude":"52.2395771246495","floor":"1"},
{"beacon_id":"385","device_name":"UTB1_1213_12","mac_address":"c1:97:69:5a:79:00","longitude":"6.85531036977894","latitude":"52.2391835995874","floor":"1"},
{"beacon_id":"526","device_name":"UTB1_1213_30","mac_address":"db:17:c4:c3:44:25","longitude":"6.85570508385922","latitude":"52.2391370161336","floor":"1"},
{"beacon_id":"553","device_name":"UTB1_1213_33","mac_address":"e6:a6:c7:ba:20:fa","longitude":"6.8560401205866","latitude":"52.2394786971859","floor":"1"},
{"beacon_id":"531","device_name":"UTB1_1213_38","mac_address":"ff:cb:c7:39:2c:a9","longitude":"6.85561586500163","latitude":"52.2390513866869","floor":"1"},
{"beacon_id":"487","device_name":"UTB1_1213_85","mac_address":"f6:7d:4d:f1:50:65","longitude":"6.85536763281721","latitude":"52.2396256227888","floor":"1"},
{"beacon_id":"422","device_name":"UTB1_1213_152","mac_address":"e0:3e:6a:22:5e:83","longitude":"6.85577487447769","latitude":"52.2393188601276","floor":"1"},
{"beacon_id":"541","device_name":"UTB1_1213_157","mac_address":"d7:2d:a5:d6:e8:ab","longitude":"6.85562162991615","latitude":"52.2391664166529","floor":"1"},
{"beacon_id":"510","device_name":"UTB1_1213_233","mac_address":"dd:dd:20:4b:08:1d","longitude":"6.85604513160699","latitude":"52.2395843917105","floor":"1"},
{"beacon_id":"504","device_name":"UTB1_1213_243","mac_address":"fe:14:99:52:ba:e8","longitude":"6.85585307919091","latitude":"52.2393947123524","floor":"1"},
{"beacon_id":"506","device_name":"UTB1_1213_246","mac_address":"d0:80:83:44:ff:ee","longitude":"6.85611947834663","latitude":"52.2395582369601","floor":"1"},
{"beacon_id":"402","device_name":"UTB1_1213_263","mac_address":"c6:8f:60:6c:a6:a6","longitude":"6.85570318904373","latitude":"52.2392452228211","floor":"1"},
{"beacon_id":"428","device_name":"UTB1_1213_273","mac_address":"f9:dc:89:d4:7a:11","longitude":"6.85578043157727","latitude":"52.2392180746344","floor":"1"},
{"beacon_id":"555","device_name":"UTB1_1213_35","mac_address":"ed:d9:6c:c6:38:f1","longitude":"6.85577623143281","latitude":"52.23921293355","floor":"3"},
{"beacon_id":"432","device_name":"UTB1_1213_158","mac_address":"d1:d3:ab:f3:8e:63","longitude":"6.85594964262918","latitude":"52.2394897811625","floor":"1"}
]
